<annotation>
  <folder>icons</folder>
  <filename>color</filename>
  <path>/home/xiong/Desktop/labelImg-master/icons/color.png</path>
  <source>
    <database>Unknown</database>
  </source>
  <size>
    <width>22</width>
    <height>22</height>
    <depth>3</depth>
  </size>
  <segmented>0</segmented>
  <object>
    <name>dog</name>
    <pose>Unspecified</pose>
    <truncated>0</truncated>
    <difficult>0</difficult>
    <bndbox>
      <xmin>5</xmin>
      <ymin>4</ymin>
      <xmax>14</xmax>
      <ymax>15</ymax>
    </bndbox>
  </object>
</annotation>
